,Synthetic_Patient1,Synthetic_Patient10,Synthetic_Patient2,Synthetic_Patient3,Synthetic_Patient4,Synthetic_Patient5,Synthetic_Patient6,Synthetic_Patient7,Synthetic_Patient8,Synthetic_Patient9
Sig1,10.4613509290174,12.9999999973043,13.9999999971011,8.22619253006768,1.84323824779338e-11,7.12401692217567,3.46471791761779,16.9999999964761,9.65544468864329,15.9999999966816
Sig2,3.53864907019496,1.06695700502024e-11,6.10502614800326e-12,7.77380747124877,17.0000000065789,8.87598307979646,12.5352820865312,8.04990508589455e-12,3.34455531066129,1.02493947267946e-11
