,Synthetic_Patient1,Synthetic_Patient10,Synthetic_Patient2,Synthetic_Patient3,Synthetic_Patient4,Synthetic_Patient5,Synthetic_Patient6,Synthetic_Patient7,Synthetic_Patient8,Synthetic_Patient9
Sig1,0.747239352114711,0.999999999999179,0.999999999999564,0.514137033086928,1.08425779239886e-12,0.445251057581098,0.216544869794959,0.999999999999526,0.742726514550753,0.999999999999359
Sig2,0.252760647885289,8.20736157877395e-13,4.36073296376052e-13,0.485862966913072,0.999999999998916,0.554748942418902,0.783455130205041,4.73523828679964e-13,0.257273485449247,6.4058717055711e-13
